<?xml version="1.0" encoding="UTF-8"?>
<project-private xmlns="http://www.netbeans.org/ns/project-private/1">
    <editor-bookmarks xmlns="http://www.netbeans.org/ns/editor-bookmarks/2" lastBookmarkId="0"/>
    <open-files xmlns="http://www.netbeans.org/ns/projectui-open-files/2">
        <group>
            <file>file:/C:/Users/hallgato/Documents/NetBeansProjects/TermekekDolgozat/.bowerrc</file>
            <file>file:/C:/Users/hallgato/Documents/NetBeansProjects/TermekekDolgozat/bower.json</file>
            <file>file:/C:/Users/hallgato/Documents/NetBeansProjects/TermekekDolgozat/package.json</file>
            <file>file:/C:/Users/hallgato/Documents/NetBeansProjects/TermekekDolgozat/gulpfile.js</file>
            <file>file:/C:/Users/hallgato/Documents/NetBeansProjects/TermekekDolgozat/public_html/index.html</file>
            <file>file:/C:/Users/hallgato/Documents/NetBeansProjects/TermekekDolgozat/public_html/jsontermekek.json</file>
            <file>file:/C:/Users/hallgato/Documents/NetBeansProjects/TermekekDolgozat/Gruntfile.js</file>
        </group>
    </open-files>
</project-private>
